histological_diagnosis_label,Unknown
Ductal Breast Carcinoma,717
Squamous Cell Lung Carcinoma,447
Endometrial Endometrioid Adenocarcinoma,378
Clear Cell Renal Cell Carcinoma,355
Hepatocellular Carcinoma,350
Thyroid Gland Papillary Carcinoma,340
Bladder Urothelial Carcinoma,331
Non-Cutaneous Melanoma,304
Lung Adenocarcinoma,303
Prostate Adenocarcinoma,293
Papillary Renal Cell Carcinoma,276
Ovarian Serous Cystadenocarcinoma,263
Colon Adenocarcinoma,254
Glioblastoma,211
Prostate Acinar Adenocarcinoma,188
Rectosigmoid Adenocarcinoma,158
Gastric Adenocarcinoma,157
"Cervical Squamous Cell Carcinoma, Not Otherwise Specified",152
Lobular Breast Carcinoma,151
Pancreatic Ductal Adenocarcinoma,132
Mixed Glioma,131
Anaplastic Astrocytoma,129
Tongue Squamous Cell Carcinoma,119
Lung Adenocarcinoma with Mixed Bronchioloalveolar and Invasive Components,116
Serous Cystadenocarcinoma,114
Cutaneous Melanoma,113
Adrenal Gland Pheochromocytoma,110
Oligodendroglioma,109
Squamous Cell Carcinoma,106
Follicular Variant Thyroid Gland Papillary Carcinoma,103
Laryngeal Squamous Cell Carcinoma,97
Keratinizing Squamous Cell Carcinoma,93
Esophageal Squamous Cell Carcinoma,89
Esophageal Adenocarcinoma,85
Gastric Intestinal Type Adenocarcinoma,78
Adrenal Cortex Carcinoma,72
Gastric tubular adenocarcinoma,72
Anaplastic Oligoastrocytoma,71
Chromophobe Renal Cell Carcinoma,66
Astrocytoma,64
Bladder Papillary Urothelial Carcinoma,63
Leiomyosarcoma,63
Diffuse Gastric Adenocarcinoma,62
Seminoma,62
Non-Keratinizing Large Cell Squamous Cell Carcinoma,61
Rectal Adenocarcinoma,60
Acute Myeloid Leukemia Not Otherwise Specified,60
Epithelioid Mesothelioma,53
Colon Mucinous Adenocarcinoma,52
B Lymphoblastic Leukemia/Lymphoma,47
Dedifferentiated Liposarcoma,47
Diffuse Large B-Cell Lymphoma,47
Floor of Mouth Squamous Cell Carcinoma,46
Mixed Mesodermal (Mullerian) Tumor,45
Malignant Adrenal Gland Pheochromocytoma,41
Mixed Epithelioid and Spindle Cell Melanoma,38
Columnar Cell Variant Thyroid Gland Papillary Carcinoma,34
Undifferentiated (Embryonal) Sarcoma,33
Oral Cavity Squamous Cell Carcinoma,31
Mucinous Adenocarcinoma,31
Intrahepatic Cholangiocarcinoma,30
Malignant Type AB Thymoma,27
Embryonal Carcinoma,26
Mixed Germ Cell Tumor,25
Invasive Ductal and Invasive Lobular Breast Carcinoma,25
Breast Adenocarcinoma,25
Malignant Type B2 Thymoma,25
Papillary Adenocarcinoma,24
Acinar Lung Adenocarcinoma,24
Basaloid Squamous Cell Carcinoma,24
Uterine Corpus Leiomyosarcoma,24
Myxofibrosarcoma,23
Spindle Cell Melanoma,23
Nodular Melanoma,22
Epithelioid Cell Melanoma,20
Pancreatic Adenocarcinoma,19
"Endocervical Adenocarcinoma, Usual-Type",19
Non-Mucinous Minimally Invasive Lung Adenocarcinoma,18
Pleural biphasic mesothelioma,18
Mucinous Gastric Adenocarcinoma,18
Extra-Adrenal Paraganglioma,18
"Cervical Mucinous Adenocarcinoma, Not Otherwise Specified",16
Signet Ring Cell Carcinoma,16
Renal Cell Carcinoma,14
Malignant Type A Thymoma,14
Rectosigmoid Mucinous Adenocarcinoma,13
Undifferentiated Pleomorphic Sarcoma,13
Metaplastic Breast Carcinoma,12
Thymoma Type B3,12
Thymic Carcinoma,11
Malignant Peripheral Nerve Sheath Tumor,10
Uterine Corpus Carcinosarcoma,10
Oropharyngeal Squamous Cell Carcinoma,9
Type B Spindle Cell Melanoma,9
Malignant Type B1 Thymoma,9
Cervical Adenocarcinoma,8
Unspecified Tissue,8
Pancreatic Neuroendocrine Tumor,8
Anaplastic Oligodendroglioma,8
Adenocarcinoma in Tubulovillous Adenoma,7
Gingival Squamous Cell Carcinoma,7
Combined Hepatocellular Carcinoma and Cholangiocarcinoma,7
Thymoma Type AB,7
Papillary Serous Cystadenocarcinoma,7
Mature Teratoma,6
Pleural Malignant Mesothelioma,6
Malignant Extra-Adrenal Paraganglioma,6
Tubular Adenocarcinoma,6
Spindle Cell Synovial Sarcoma,6
Intraductal Papillary Adenocarcinoma with Invasion,5
Mucinous Minimally Invasive Lung Adenocarcinoma,5
Thymoma Type B2,5
Rectal Mucinous Adenocarcinoma,5
Medullary Breast Carcinoma,5
Solid Carcinoma,5
Thyroid Gland Diffuse Sclerosing Papillary Carcinoma,4
Papillary Squamous Cell Carcinoma,4
Superficial Spreading Melanoma,4
Yolk Sac Tumor,4
Amelanotic Melanoma,4
Clear Cell Adenocarcinoma,4
Fibrolamellar Carcinoma,4
Extrahepatic Bile Duct Adenocarcinoma,4
Malignant Paraganglioma,4
Adenocarcinoma,3
Bronchioloalveolar Carcinoma,3
Immature Teratoma,3
Cervical adenosquamous carcinoma,3
Paraganglioma,3
Thymoma Type B1,3
Acral Lentiginous Melanoma,3
Palate Squamous Cell Carcinoma,3
Adrenal Cortex Adenoma,3
Paget Disease of the Breast,3
Amelanotic melanoma,3
Thymoma Type A,3
"Endometrial Endometrioid Adenocarcinoma, Secretory Variant",2
Serous Surface Papillary Carcinoma,2
Biphasic Synovial Sarcoma,2
Endometrioid Adenocarcinoma,2
Pleomorphic Liposarcoma,2
Lentigo Maligna Melanoma,2
Lower Gingival Squamous Cell Carcinoma,2
Undifferentiated Carcinoma,2
Synovial Sarcoma,2
Mixed Embryonal Carcinoma and Teratoma,2
Myxoid Leiomyosarcoma,2
Bladder Carcinoma,1
Atypical Lipomatous Tumor/Well Differentiated Liposarcoma,1
Thyroid Gland Carcinoma,1
Ovarian leiomyosarcoma,1
Thyroid Gland Follicular Carcinoma,1
"Thyroid Gland Follicular Carcinoma, Minimally Invasive",1
Aorticopulmonary Paraganglioma,1
Tubular Breast Carcinoma,1
Adenosquamous Carcinoma,1
Adenoid Cystic Carcinoma,1
Adenocarcinoma with Neuroendocrine Differentiation,1
Ureter Carcinoma,1
Bladder Squamous Cell Carcinoma,1
Soft Tissue Sarcoma,1
Breast Carcinoma,1
Large Cell Neuroendocrine Carcinoma,1
Ovarian Cystadenocarcinoma,1
Non-Keratinizing Small Cell Squamous Cell Carcinoma,1
Papillary Carcinoma,1
Melanoma,1
Malignant Breast Phyllodes Tumor,1
Papillary lung adenocarcinoma,1
Pleomorphic Carcinoma,1
Liposarcoma,1
Invasive Cribriform Breast Carcinoma,1
Cholangiocarcinoma,1
Giant Cell Sarcoma,1
Sarcomatoid Squamous Cell Carcinoma,1
Endometrial adenocarcinoma,1
Skin Basal Cell Carcinoma,1
Oxyphilic Adenocarcinoma,1
Desmoplastic Mesothelioma,1
Desmoid-Type Fibromatosis,1
Spitz Nevus,1
Abdominal (Mesenteric) Fibromatosis,1
